{"1": {"results": {"train loss": [0.3179473839700222, 0.12675582348811823, 0.1169994636515125, 0.11124239500123458, 0.07051827357394895, 0.029979506891113936, 0.02443603892070165, 0.021200479173338133, 0.020460784724402072, 0.020480866665135093], "validation loss": [0.8673270439809085, 0.6760186396676339, 0.697359802441363, 0.6875037781299989, 0.6246559643672288, 0.4895401865792421, 0.4714031252392962, 0.4378800617953751, 0.39505531817126127, 0.46172219286301386], "shuffle train loss": 0.4384471761276487, "test loss": 0.4448371441817722, "total time": 13.25}, "hyperparameters": {"hidden dimension": 16, "number of layers": 2, "dropout rate": 0, "learning rate": 0.0009, "number of epochs": 10, "number of heads": 4}}}