{"1": {"results": {"train loss": [0.043308692889623954, 0.02052347120813659, 0.019096247792305027, 0.017854784983286603, 0.01785650033748052, 0.015388268894195312, 0.015084306191897295, 0.015149854777044938, 0.01563539967230964, 0.015232678773034303], "shuffle train loss": 0.4168489429305811, "test loss": 0.41790669813167813, "total time": 54.05}, "hyperparameters": {"hidden dimension": 512, "number of layers": 2, "dropout rate": 0.5, "learning rate": 0.0006, "number of epochs": 10, "number of heads": 4}}}