,Epoch,MSE,Learning rate
0,0,0.6864495192255292,1
1,1,0.5881327963494635,1
2,2,0.543313453723858,1
3,3,0.519101991281881,1
4,4,0.49519229360989164,1
