{"1": {"results": {"train loss": [0.27964632181053767, 0.0768309400768065, 0.027313708207478412, 0.022452348455801973, 0.021883068104335643, 0.021288744161539086, 0.020559840564631292, 0.019816514458621808, 0.018426141135783898, 0.018624694974993767, 0.018855112904423207, 0.01900177014338952, 0.017882437474804273, 0.017528454490677744, 0.018447438710117253, 0.01761564268867989, 0.016652145045122406, 0.016586378251095532, 0.016309954133457275, 0.015855981989336184, 0.015814352648897616, 0.015581450376422985, 0.014967119658068127, 0.015213214527036934, 0.014625455454167467, 0.013975394694096425, 0.013840813050428252, 0.012928740768388037, 0.012281802171825996, 0.0124706200430872, 0.010958422471570676, 0.010980935865578044, 0.01056297014841474, 0.010525051474792609, 0.010131462765323212, 0.010078165230730579, 0.009872441200089076, 0.009738559677212148, 0.009400109035253037, 0.009071759139111296, 0.008924278562323602, 0.008699491840489513, 0.0083329961181916, 0.007997538448792318, 0.0077060436110439725, 0.007494036065315309, 0.007117844164298969, 0.00689739104432863, 0.00652864114782147, 0.006295902727049638, 0.005889858561949652, 0.005623454688456612, 0.005322254366875, 0.004970606474194401, 0.004716722718363658, 0.004466741304791182, 0.004148300054872439, 0.004017141992588848, 0.003834544664790823, 0.003672424668530155], "validation loss": [0.6976726444586654, 0.5387447407823399, 0.5616777343618358, 0.5026579478218511, 0.5768026114424314, 0.4755387890375465, 0.5727842040588519, 1.1587334180170774, 0.44361585150101435, 0.5098552854697397, 0.4267052484253433, 0.43138398394628535, 0.43468999615841847, 0.4378720408568353, 0.3283461382144068, 0.7103113493670715, 0.32467284204404046, 0.3664675196804152, 0.2935135810196034, 0.2731363789801217, 0.3489752729063385, 0.24599371311123386, 0.20778922562950228, 0.33273237326576666, 0.3180010466853534, 0.21261037625600956, 0.32412725106521617, 0.2953923516478275, 0.1481765932603482, 0.1923378863446186, 0.13288750017256093, 0.13953524473711756, 0.08559974248698153, 0.1063067048468107, 0.10882974182901207, 0.0943977412270622, 0.13609749567837803, 0.11230687559382316, 0.08217311695080959, 0.06551023810370568, 0.14624128938635433, 0.0851822459921698, 0.10089034378025795, 0.08253208979781419, 0.04836093969186025, 0.05453683044532874, 0.05993244207344172, 0.14911719937266016, 0.05313295856735275, 0.03557935688484666, 0.05753216357684574, 0.05460480545744574, 0.04181839040040604, 0.04301453030388231, 0.04007612929845149, 0.04797121044819706, 0.03467852509140602, 0.057764902636637354, 0.018421882743507256, 0.025970335044195315], "shuffle train loss": 0.024013675008824127, "test loss": 0.023663131528722545, "total time": 30.46666666666667}, "hyperparameters": {"hidden dimension": 32, "number of layers": 2, "dropout rate": 0.1, "learning rate": 0.0006, "number of epochs": 60, "number of heads": 4}}}