{"1": {"results": {"train loss": [0.4647891962137379, 0.39413502587646737, 0.38943468684055765, 0.3868318395536454, 0.3856488941145725, 0.3846195093920973, 0.3862446329632743, 0.38323445720750776, 0.3841872058930944, 0.38333983157501844], "shuffle train loss": 1.294868013702455, "test loss": 1.3053827449387194, "total time": 11.116666666666667}, "hyperparameters": {"hidden dimension": 512, "number of layers": 1, "dropout rate": 0.8, "learning rate": 0.004, "number of epochs": 10, "number of heads": 4}}}