,Epoch,MSE,Learning rate
0,0,0.026401636922465905,1
1,1,0.005638377719812773,1
2,2,0.005122546360573985,1
3,3,0.00571092030384227,1
4,4,0.0039375562178479,1
5,5,0.0024845229141269025,1
6,6,0.00213946294426531,1
7,7,0.001650469742001748,1
8,8,0.0014130200377314701,1
9,9,0.0013483754229163388,1
