{"1": {"results": {"train loss": [0.06463116188075577, 0.017748598871966365, 0.016845611357664474, 0.01673810594241883, 0.015715152791655456, 0.016865720267819823, 0.015739079575497108, 0.017471156551762193, 0.014740296149412628, 0.01455088327486129, 0.013084552849673468, 0.00990660951136932, 0.004322028401132184, 0.002597391271398815, 0.002313542735980457, 0.0023650351497650026, 0.0021385936719197475, 0.002281490031374069, 0.0025566925393936575, 0.0017223120539174338, 0.002244858145351201, 0.0022947367048845244, 0.0015728113400849102, 0.002298789021948383, 0.0018677768189666153, 0.0018765994821881235, 0.0017737427455388375, 0.0022901277996782883, 0.001889008407473381, 0.0018104315658107584], "shuffle train loss": 0.0031235076540500903, "test loss": 0.0031613505128131924, "total time": 59.53333333333334}, "hyperparameters": {"hidden dimension": 256, "number of layers": 2, "dropout rate": 0, "learning rate": 0.0006, "number of epochs": 30, "number of heads": 4}}}