,Epoch,MSE,Learning rate
0,0,0.4647891962137379,1
1,1,0.39413502587646737,1
2,2,0.38943468684055765,1
3,3,0.3868318395536454,1
4,4,0.3856488941145725,1
5,5,0.3846195093920973,1
6,6,0.3862446329632743,1
7,7,0.38323445720750776,1
8,8,0.3841872058930944,1
9,9,0.38333983157501844,1
