,Epoch,MSE,Learning rate
0,0,0.3179473839700222,1
1,1,0.12675582348811823,1
2,2,0.1169994636515125,1
3,3,0.11124239500123458,1
4,4,0.07051827357394895,1
5,5,0.029979506891113936,1
6,6,0.02443603892070165,1
7,7,0.021200479173338133,1
8,8,0.020460784724402072,1
9,9,0.020480866665135093,1
