,Epoch,MSE,Learning rate
0,0,0.043308692889623954,1
1,1,0.02052347120813659,1
2,2,0.019096247792305027,1
3,3,0.017854784983286603,1
4,4,0.01785650033748052,1
5,5,0.015388268894195312,1
6,6,0.015084306191897295,1
7,7,0.015149854777044938,1
8,8,0.01563539967230964,1
9,9,0.015232678773034303,1
