{"1": {"results": {"train loss": [0.43967094093744385, 0.1527682662956783, 0.13268652892686794, 0.1230558532244358, 0.11276774380172862, 0.09744844094040941, 0.06224149936184165, 0.03911552568096057, 0.030353339513015675, 0.02513909746976722, 0.0220130998183225, 0.02157550961252485, 0.020997713610041338, 0.020236910497349856, 0.020444549357739934, 0.01963924777266554, 0.01975508696365277, 0.01959971520099331, 0.019058065955550027, 0.018847745893805546, 0.018687531217497576, 0.018172653402453748, 0.018627282157616658, 0.01801215394373342, 0.017074946650937506, 0.01783357146310574, 0.01646920362178267, 0.016331687290030608, 0.015763900020411697, 0.015299320782985171, 0.014247401235777824, 0.014274387406643297, 0.014139264039542587, 0.013545484777318588, 0.013421492769428696, 0.013031972752555777, 0.012668498363307693, 0.012524312298141847, 0.012237458577623865, 0.011839700293093615, 0.011821677299506474, 0.011480039359665796, 0.011162131184093715, 0.010946657440861778, 0.01077927143664145, 0.010555019526795835, 0.010313023623178302, 0.010083626983420099, 0.009868467410789712, 0.009735804848892034, 0.00950663120459124, 0.009261078602008399, 0.009182374730713849, 0.00895991247647335, 0.008669146421541016, 0.008530880679513832, 0.00840110762128759, 0.008256794388604457, 0.008042616717189123, 0.007897262631335342, 0.007671997280310473, 0.00760848047478949, 0.007570149420882712, 0.0075359674071373995, 0.007469759455340013, 0.007425571103832211, 0.007371483834414575, 0.007323254391238032, 0.007262096183038637, 0.007216863001154766, 0.007145305066827501, 0.007099389290383666, 0.007076409366745196, 0.0070316740063584, 0.006951377256658905, 0.006922809580783742, 0.006895551730432074, 0.0068352050634604864, 0.0068156682565564015, 0.006762468816185767, 0.0067093877711516545, 0.006687664644903366, 0.0066330290283076465, 0.006599352682642944, 0.0065750962234919, 0.006522168814716098, 0.0064943483248200325, 0.006471604485728885, 0.006422745017143974, 0.006363927382407099, 0.00634183048186671, 0.0063424807883508995, 0.0063328534497337444, 0.006318811087708798, 0.006295365752789696, 0.0063036698976829345, 0.006303070959936614, 0.006289197830483317, 0.00625184543676995, 0.006257455223946084], "validation loss": [1.0143826885457419, 0.709271600092847, 0.674509007323739, 0.659762638843864, 0.7880570286987749, 0.6803605293203716, 0.8254864769844921, 0.5322916334940612, 0.5229247524145922, 0.5221962574069485, 0.4937363978178223, 0.5034332132778285, 0.464255801282046, 0.4604145302180132, 0.44852331527537365, 0.42848415151695535, 0.4131711354833439, 0.39676101953705395, 0.42463061304911515, 0.48886784874588435, 0.41002559424178003, 0.3707186760712255, 0.32960969552489144, 0.3762841029949715, 0.5384853224447168, 0.4322557381691377, 0.20668552701641446, 0.5490469572368575, 0.1938669316333496, 0.17098389172846554, 0.18846376932746062, 0.1461984638147559, 0.11650312454239722, 0.1485207013648712, 0.16589457719969603, 0.09032980748023724, 0.07790693004209936, 0.1248124034995316, 0.06504652006951578, 0.05602195670405414, 0.04528638862210549, 0.06214666184883542, 0.06213098930114983, 0.09874641166234309, 0.04453499866592372, 0.055392379261141905, 0.029702260530342355, 0.04155814210010087, 0.035574196900692454, 0.03797440596519072, 0.03596687824265357, 0.02816600201685736, 0.06075673506943726, 0.026223626559131717, 0.027665319481144653, 0.037434081975484916, 0.04581777373203105, 0.03237435615912902, 0.02746465573647271, 0.05944939716461977, 0.02466238959138196, 0.02655029038047315, 0.024565859469213733, 0.06849380152905646, 0.031417130138382224, 0.02597729242949581, 0.025138639416431355, 0.030936093703826512, 0.02438213366535178, 0.0256127513219471, 0.025678936600616556, 0.023571230733961415, 0.024116588610744366, 0.023201444863336036, 0.024386290846495358, 0.0248850125453772, 0.024926480454352737, 0.02442694775348792, 0.024322971938737878, 0.023587459761169424, 0.03541757976579154, 0.024131820782836228, 0.023937769168473642, 0.023721967149594445, 0.024197548016494402, 0.025268006558455756, 0.023060210680509088, 0.024757296749693486, 0.022373861861786595, 0.023210277129536026, 0.025837244831619817, 0.02473844365542469, 0.023598764223143734, 0.024632737040519714, 0.02310673181721769, 0.02447282614906324, 0.023063075971543973, 0.026132892283033924, 0.022310954644316178, 0.02905861161180709], "shuffle train loss": 0.02779052817819976, "test loss": 0.027144984787821402, "total time": 56.38333333333331}, "hyperparameters": {"hidden dimension": 16, "number of layers": 2, "dropout rate": 0, "learning rate": 0.0006, "number of epochs": 100, "number of heads": 4}}}