{"1": {"results": {"train loss": [0.36563512737878034, 0.1336938668897406, 0.12201967401826969, 0.1179548669911799, 0.1153609696622999, 0.10579278965129471, 0.03520213396166314, 0.019389376517568457, 0.017846762635897784, 0.017725763690741886, 0.01688102525315385, 0.015714748290207116, 0.014757751914687822, 0.014596250417764436, 0.014279609696832715, 0.013863760620149494, 0.012772163213039825, 0.012617113900783121, 0.011749648375505368, 0.01078110794368826, 0.010144290048629045, 0.009364577751705943, 0.009037532993462548, 0.008274708406476792, 0.007758444731913843, 0.0066734740189009455, 0.005841348789246814, 0.00520008489428485, 0.004647277069438371, 0.0036583453045631225, 0.0028673514538181213, 0.00268054406371418, 0.002549122833622024, 0.002420317005179059, 0.002326420642870677, 0.0022566280280980357, 0.0020913980411247303, 0.002047403664738474, 0.0019888369066900285, 0.0018739128782562758, 0.0019042200998586343, 0.001822321271603988, 0.0017852670962532952, 0.0017317940457628612, 0.0017087090859231615, 0.0016612207949291305, 0.0016915602721636505, 0.0015741062184059075, 0.0016392213039550564, 0.0016223973201942767, 0.0015826947655725354, 0.001525068158817241, 0.0015330762303239652, 0.0014573956360719854, 0.0015586591682341484, 0.0014216391553149986, 0.0014804561441615377, 0.0014359456570256029, 0.0014075465486279963, 0.0014073220134109686, 0.001241609362191635, 0.0012546907447194527, 0.0012484127650854223, 0.0012519792616644066, 0.0012502294227234698, 0.0012306484363240296, 0.0012379172785287784, 0.0012370106258637607, 0.0012491758163497386, 0.0012189128002453383, 0.001207061704738661, 0.0012372410959959198, 0.0011919591170077243, 0.0011902421389154891, 0.001205480469893626, 0.0011959975797894839, 0.001189091503472243, 0.0011659814566078017, 0.001172539465068305, 0.0011644610009379456, 0.0011825038556230912, 0.0011808386921298645, 0.0011627337550381808, 0.001167689092847572, 0.0011534516558386995, 0.0011437946278554175, 0.0011569401442519862, 0.0011339881692366048, 0.0011476548652204716, 0.0011347544357585186, 0.0010965477630350982, 0.0011096881841143333, 0.001098489958614485, 0.0011025239100639678, 0.0011052065872449856, 0.0011031922264516994, 0.0010999408541018235, 0.0010913449173056535, 0.0010859837593819915, 0.0011018544582690143], "validation loss": [0.6883376622858223, 0.6630108981776092, 0.6170609099733317, 1.2572287054149651, 0.6272458417649649, 1.3018558987079223, 0.4155555917807152, 0.7195586543873044, 0.5273686494746822, 0.5513286499158006, 0.8510765645401609, 0.47195843904296314, 0.3897096083208096, 0.36701568577187194, 0.2759351172695862, 0.24964039635621696, 0.3924903673994029, 0.22453960191252773, 0.5207640314760383, 0.25231675867654063, 0.11351312774639188, 0.20618358368705386, 0.16999732250450578, 0.16353469200295173, 0.15326173566967433, 0.08951999130515964, 0.12185769347599679, 0.06597594128338838, 0.10304913491559176, 0.11707576688813286, 0.04190008981621887, 0.03165377554215171, 0.032867139513872885, 0.024611350811697952, 0.07002851385280398, 0.03334655922957542, 0.04502585451432898, 0.05496176853318887, 0.03913639621820552, 0.02317365547470703, 0.027152087739411673, 0.040848620892988026, 0.02229398131896199, 0.0351753519002371, 0.027657868334897823, 0.024384551561591816, 0.018330806289211007, 0.020288882237156292, 0.02893696596240339, 0.014289465947133815, 0.017968637794484755, 0.019292368107915292, 0.03852448322198874, 0.014421951389968669, 0.034356563426325655, 0.022598732428545234, 0.13272722977344975, 0.02747476494591112, 0.024300977496281722, 0.01707065470539536, 0.013182504545394446, 0.011707406248211677, 0.013946112748121192, 0.01674169770790481, 0.020244035058500576, 0.012151356197985038, 0.017218330123696043, 0.012673316414873658, 0.014369827898024963, 0.015474361150405524, 0.010708772711615805, 0.02368937328777796, 0.014603794255276765, 0.011312567066126988, 0.011105962340474312, 0.01138834290040737, 0.013541412879741447, 0.012948473301241917, 0.017576132732460652, 0.010960300340162921, 0.011784217021845143, 0.01137715670068754, 0.011888856192525088, 0.011610440462770545, 0.011505390263156839, 0.010964675933591152, 0.011991995686745168, 0.014829909754631344, 0.013073634897627256, 0.013411828845259419, 0.011720352064806717, 0.012119661579537063, 0.012080306744351526, 0.010895313637936773, 0.012595682007837698, 0.011232662034660943, 0.011120606222378513, 0.011209019106967043, 0.010805387989806434, 0.011636690622298447], "shuffle train loss": 0.011894760525987681, "test loss": 0.00975518728652112, "total time": 45.20000000000002}, "hyperparameters": {"hidden dimension": 32, "number of layers": 2, "dropout rate": 0, "learning rate": 0.0006, "number of epochs": 100, "number of heads": 4}}}