{"1": {"results": {"train loss": [0.37455368770255903, 0.1280913013873286, 0.11530895189183657, 0.06024071582226602, 0.02143564160539173, 0.015321640079253216, 0.01343422081535224, 0.012716259122215455, 0.012404671016141589, 0.012235477122050694, 0.012122791775761813, 0.012033383757998159, 0.011957243481864695, 0.011885528693158851, 0.011811209545799027, 0.01173173059751356, 0.01164000924222446, 0.011529866928524781, 0.011388280726663891, 0.011191230476261346, 0.010932455967241501, 0.010691056053772508, 0.010383372960352629, 0.009998687542020724, 0.009538995486600171, 0.009006448388748542, 0.008412437511562202, 0.007769370149080565, 0.007155458684285462, 0.006612044222343743, 0.006163533937308143, 0.005839630728587508, 0.005622564176608977, 0.005491165332133561, 0.0054148074810118334, 0.0053706876962201396, 0.005343338255636913, 0.005324608679731056, 0.005309689988011922, 0.00529762617833378, 0.005262269913772365, 0.005258911942440986, 0.005255114547641123, 0.005249605031748928, 0.005244006282558329, 0.005238708726046455, 0.005233838747266955, 0.005229265984437871, 0.005224822273241264, 0.005220743187237531, 0.00521707746675467, 0.005213587857843911, 0.0052103625083739155, 0.005207399730799628, 0.0052044506282087595, 0.005201767139579551, 0.005199184619294877, 0.005196848174282273, 0.0051946206820831006, 0.005192442446447084, 0.005172328203324931, 0.005173114312098926, 0.005172750365359281, 0.005171722910924219, 0.005170503357371896, 0.0051692507709720035, 0.005167965650783668, 0.005166769028664185, 0.005165456012215801, 0.005164264504259574, 0.005163049238035455, 0.005161873352633728, 0.005160732834588461, 0.005159602160794569, 0.005158538771239797, 0.005157441792524893, 0.005156422205666294, 0.00515538452576739, 0.005154453493276855, 0.00515345717707771, 0.0051390504164880784, 0.005139365157238437, 0.0051391183643899555, 0.005138639728519608, 0.005138043819957214, 0.005137390993367575, 0.005136736065099687, 0.005136036666655974, 0.005135319537299945, 0.005134604494354581, 0.005133918567167473, 0.005133220765140427, 0.005132557586652272, 0.005131893986874245, 0.005131247613701175, 0.00513062354217314, 0.00512999981989107, 0.005129388501089005, 0.005128795155095028, 0.0051282122258867946], "validation loss": [0.941748736460516, 0.7235347773034149, 0.7028757354781672, 0.6086812868622914, 0.5337543760889147, 0.5187888914273561, 0.4980999522962453, 0.48768984284137656, 0.4871272089108368, 0.47042898367519026, 0.4564155461780864, 0.4464330575400335, 0.43728932537184173, 0.4270252660373969, 0.4156955801453327, 0.40245594093404663, 0.3859248967624149, 0.36766877971543854, 0.35200156623417617, 0.32376900813513737, 0.35824276351489903, 0.3286629976030508, 0.28728952889610654, 0.24625497805011784, 0.21009470444698275, 0.18080168290555113, 0.16155393005697274, 0.12895271988825563, 0.14851436713721855, 0.10630944206670749, 0.09301942045246166, 0.08798234418400226, 0.0896565007971474, 0.09032711320402433, 0.08946348523343998, 0.08559471324223317, 0.0818738345216754, 0.07908934390206644, 0.07704581039174935, 0.07621733236349433, 0.06647644940466603, 0.06412566538351627, 0.06360480099047985, 0.06268220662247916, 0.061666121826352886, 0.06100942512711316, 0.06046785603911599, 0.05978853093243084, 0.05927808545072751, 0.058879429440191186, 0.058513416565863265, 0.057925895347825586, 0.05729846579759765, 0.05640308436669089, 0.055754494979017716, 0.05504430197407863, 0.05443462512335894, 0.05360431854893093, 0.05292699914539884, 0.0526296955653312, 0.05771597947331111, 0.05902632552719007, 0.059392701520190286, 0.05943863243550245, 0.05936318534237841, 0.059528223221744496, 0.05947126275602659, 0.05957327078045146, 0.059457963046852066, 0.059729620711477985, 0.05975163528021494, 0.059735215903242676, 0.05973295304078632, 0.05994396047678096, 0.05995824762785727, 0.05994930659975011, 0.06011624565702275, 0.060239824894929954, 0.05998510522253674, 0.05992751558271288, 0.05177955813363103, 0.04991148927597546, 0.04961684844428045, 0.04954435927736247, 0.04978735126737802, 0.049936600429423016, 0.04977544323981174, 0.04970428007626278, 0.049528646745656164, 0.04945053122480588, 0.049246150114647814, 0.04904642058936365, 0.04876763887840546, 0.04864266793603546, 0.048489814715608495, 0.0483078233600577, 0.04810205932729449, 0.04788217914113604, 0.04768448557270451, 0.04750888048459782], "shuffle train loss": 0.046444593785620734, "test loss": 0.04708298649410346, "total time": 60.46666666666663}, "hyperparameters": {"hidden dimension": 16, "number of layers": 2, "dropout rate": 0, "learning rate": 0.0006, "number of epochs": 100, "number of heads": 4}}}