{"1": {"results": {"train loss": [0.39361539544140706, 0.21735247302433994, 0.17972533042985397, 0.16235059812726055, 0.15174314491145435, 0.14552918638362258, 0.13878819569334633, 0.06859848812436227, 0.024886900076230407, 0.022440684494585347, 0.020909124238179904, 0.020709650647315028, 0.02061164130258267, 0.019345409535520452, 0.019759043408023407, 0.019548953790408483, 0.019080341941501457, 0.019192508830246133, 0.019518949082846463, 0.01877514451272694, 0.018453594490878102, 0.018162063130208093, 0.017760260473387163, 0.01744687476016001, 0.01723677792479513, 0.017073334459039826, 0.017241581533959167, 0.01689880118861825, 0.016914176795685083, 0.016408326455437747, 0.016042715798277162, 0.01580883012454743, 0.015523066525691052, 0.014918339488356084, 0.014553380552793807, 0.014279671195612029, 0.013987951385254254, 0.0138001550632132, 0.013114323343348796, 0.013092682001249651, 0.012496506082481842, 0.012389682356428478, 0.011958114236028345, 0.01192039690652221, 0.011788112561783342, 0.011499966717073236, 0.011295685687743615, 0.01127222154697892, 0.011026783591540927, 0.010846893528293147, 0.010684625217958247, 0.010508667075525602, 0.010502663107023986, 0.010273787899126039, 0.010134765921259819, 0.01004665472056167, 0.009829717314206675, 0.009659486574685721, 0.009706091779841447, 0.009442659592080373, 0.009270334759437036, 0.009185004448823508, 0.009183898173104667, 0.009019195792059124, 0.008896091346987753, 0.008893554144706882, 0.008788177751187906, 0.008682458173888201, 0.008614085545022895, 0.007719281406263958, 0.006379264506099165, 0.005942955473819595, 0.005747843273728323, 0.005558487671984695, 0.005363335950800111, 0.005372040772898367, 0.005132007875411054, 0.005070722750178156, 0.004935557566121312, 0.004862760821048201, 0.004611778560144155, 0.004539564098746776, 0.004424277114773505, 0.004388345658328751, 0.004313505143041677, 0.004201072037742916, 0.004112562584045694, 0.004041975537280659, 0.003932601085207502, 0.003818469026629798, 0.0037319475038694676, 0.00367393751808091, 0.0035482212236975547, 0.003473115325848129, 0.0033709840428229176, 0.003294375779958381, 0.0032324299868005404, 0.0030926276586633024, 0.002989098288454726, 0.0029020424856857747], "validation loss": [0.7471554067237246, 0.7947043288339135, 0.8425677495500061, 0.6045199342849065, 0.601437442233226, 0.7007515662652584, 0.7498260796801445, 0.555818237227165, 0.5885955781841571, 0.739768429219357, 0.6178651407269612, 0.5297284780835813, 0.424978579023133, 0.4522703630975419, 0.41958653926849365, 0.4312126204097198, 0.46835682262306566, 0.37959941897107047, 0.33501254858597657, 0.41040881279787406, 0.2930629892857528, 0.3411032254893356, 0.4474292125987129, 0.28627005484572215, 0.30008026555271966, 0.3064885597013257, 0.20293731722363664, 0.2558741430106339, 0.15838252485621196, 0.3397921547750754, 0.1982996392012374, 0.37996246843981596, 0.0803884960528166, 0.10459129313475515, 0.1120372572285266, 0.062869798163512, 0.05138807876344107, 0.059475069522766245, 0.05488807751448608, 0.06126598947527218, 0.07173260089947037, 0.03795638655318073, 0.0470134804219556, 0.03821119894644966, 0.03604729377030412, 0.06784027958848725, 0.046789026687755905, 0.04092781682230212, 0.03910524096408505, 0.03469464406256844, 0.034151771591484914, 0.033080505847108144, 0.03371158719885569, 0.030564416268486185, 0.040277064749342534, 0.03090939694227068, 0.03437458013007246, 0.06944402927772765, 0.05929565765649263, 0.06880992376731217, 0.041551096936219306, 0.027194789747930378, 0.04880651335683337, 0.026728220009730637, 0.05056563266581553, 0.04250645903767618, 0.027283218632126512, 0.02467663496435603, 0.025206041825146762, 0.03865245490854869, 0.04700204595763442, 0.030038858621032692, 0.0891806929560801, 0.032834494166487566, 0.031110288700991612, 0.08277935838109694, 0.02229427718814531, 0.03625718429913184, 0.021403954878586567, 0.037430986864892254, 0.04410554697177162, 0.033441465022328073, 0.03416288057856399, 0.038879276139010314, 0.035053413881251785, 0.02538920735563237, 0.0254120265727897, 0.047053177183939636, 0.02858178130710966, 0.04502708200890959, 0.029380659304239266, 0.03521944168795106, 0.020708906164312837, 0.020489500507003874, 0.034323962399610344, 0.02996168339887828, 0.034511806209074576, 0.03655781942002612, 0.021123172323922256, 0.021316595209842446], "shuffle train loss": 0.020585212656144113, "test loss": 0.020004768361640307, "total time": 60.98333333333336}, "hyperparameters": {"hidden dimension": 24, "number of layers": 2, "dropout rate": 0, "learning rate": 0.0006, "number of epochs": 100, "number of heads": 4}}}